,Club,Marktwert,Punkte,Geld_pro_Punkt
1,FC Basel,50.25,30,1.675
3,Grasshoppers,26.5,17,1.5588235294117647
0,BSC Young Boys,69.25,49,1.413265306122449
2,FC Sion,28.05,21,1.3357142857142859
8,FC Lugano,17.63,19,0.9278947368421052
4,FC Luzern,22.95,25,0.9179999999999999
5,FC Zürich,21.65,25,0.866
9,NE Xamax,10.9,13,0.8384615384615385
6,FC St. Gallen,18.9,23,0.8217391304347825
7,FC Thun,18.25,28,0.6517857142857143
